cruise,station,cast,sample_name,DateUTC,Time_start_UTC,Time_end_UTC,lat,lon,depth_bottom,depth_target,avg_angle,depth_TDR,FlowMeterSerial_335,FlowStart_335,FlowEnd_335,TotFlow_335,Vol_Filtered_m3_335,NOAA_335,DNA_335,FlowMeterSerial_150,FlowStart_150,FlowEnd_150,TotFlow_150,Vol_Filtered_m3_150,MorphID_150,DNA_150,SizeFract_150,TaxaPick_150,EtOHchanged,Comments
AR28B,L1,1,AR28B_L1_R1,180403,NA,NA,41.185,-70.883,NA,NA,NA,NA,NA,NA,NA,NA,NA,NA,NA,NA,NA,NA,NA,NA,Y,NA,NA,NA,NA,17 m wire out; OOI Pioneer cruise
AR28B,L2,2,AR28B_L2_R2,180403,22:25:00,NA,41.031,-70.883,NA,NA,NA,NA,NA,NA,NA,NA,NA,NA,NA,NA,NA,NA,NA,NA,N,NA,NA,NA,NA,40 m wire out; cod end broke - no sample; OOI Pioneer cruise
AR28B,L3,3,AR28B_L3_R3,180404,00:25:00,NA,40.864,-70.885,NA,NA,NA,NA,NA,NA,NA,NA,NA,NA,NA,NA,NA,NA,NA,NA,Y,NA,NA,NA,NA,50 m wire out; OOI Pioneer cruise
AR28B,L4,4,AR28B_L4_R4,180404,02:19:00,NA,40.697,-70.883,NA,NA,NA,NA,NA,NA,NA,NA,NA,NA,NA,NA,NA,NA,NA,NA,Y,NA,NA,NA,NA,62 m wire out; OOI Pioneer cruise
AR28B,L5,5,AR28B_L5_R5,180404,04:30:00,NA,40.529,-70.881,NA,NA,NA,NA,NA,NA,NA,NA,NA,NA,NA,NA,NA,NA,NA,NA,Y,NA,NA,NA,NA,72 m wire out; OOI Pioneer cruise
AR28B,L6,28,AR28B_L6_R28,180411,18:40:00,NA,40.359,-70.885,NA,NA,NA,NA,NA,NA,NA,NA,NA,NA,NA,NA,NA,NA,NA,NA,Y,NA,NA,NA,NA,87 m wire out; OOI Pioneer cruise
AR28B,L7,27,AR28B_L7_R27,180411,12:56:00,NA,40.227,-70.885,NA,NA,NA,NA,NA,NA,NA,NA,NA,NA,NA,NA,NA,NA,NA,NA,Y,NA,NA,NA,NA,120 m wire out; OOI Pioneer cruise
AR28B,L8,37,AR28B_L8_R37,180412,12:40:00,NA,40.137,-70.775,NA,NA,NA,NA,NA,NA,NA,NA,NA,NA,NA,NA,NA,NA,NA,NA,Y,NA,NA,NA,NA,129 m wire out; OOI Pioneer cruise
AR28B,L9,17,AR28B_L9_R17,180410,18:55:00,NA,40.096,-70.885,NA,NA,NA,NA,NA,NA,NA,NA,NA,NA,NA,NA,NA,NA,NA,NA,Y,NA,NA,NA,NA,145 m wire out; OOI Pioneer cruise
AR28B,L10,10,AR28B_L10_R10,180409,15:45:00,NA,39.94,-70.882,NA,NA,NA,NA,NA,NA,NA,NA,NA,NA,NA,NA,NA,NA,NA,NA,Y,NA,NA,NA,NA,438 m wire out; OOI Pioneer cruise
AR28B,L11,12,AR28B_L11_R12,180410,02:55:00,NA,39.773,-70.884,NA,NA,NA,NA,NA,NA,NA,NA,NA,NA,NA,NA,NA,NA,NA,NA,Y,NA,NA,NA,NA,200 m wire out; lots of salps; OOI Pioneer cruise
AR31A,L4,3,AR31A_L4_R3,181021,12:26:00,12:45:00,40.69,-70.88,65,57,NA,NA,NA,NA,NA,NA,NA,NA,NA,NA,NA,NA,NA,NA,Y,NA,NA,NA,181022,EtOH green; OOI Pioneer cruise
AR31A,L5,2,AR31A_L5_R2,181021,10:32:00,10:50:00,40.51,-70.88,77,69,NA,NA,NA,NA,NA,NA,NA,NA,NA,NA,NA,NA,NA,NA,Y,NA,NA,NA,181022,EtOH green; OOI Pioneer cruise
AR31A,L6,1,AR31A_L6_R1,181021,08:33:00,09:00:00,40.36,-70.88,93,83,NA,NA,NA,NA,NA,NA,NA,NA,NA,NA,NA,NA,NA,NA,Y,NA,NA,NA,181022,OOI Pioneer cruise
AR32,L1,1,AR32_L1_B1,181112,17:01:00,17:07:00,41.19498,-70.883,23,18,25,NA,28519,834828,844977,10149,77.11375552,Y,N,28517,927723,936353,8630,65.57214604,Y,N,Y,N,NA,high phytoplankton content. ethanol split for morph ID stored in 2 jars (jar 1 of 2 and jar 2 of 2)
AR32,L3,2,AR32_L3_B2,181112,19:47:00,20:00:00,40.86119,-70.8817,54,48,25,NA,28519,844703,858722,14019,106.518646,Y,N,28517,936353,943442,7089,53.86337697,Y,Y,Y,N,NA,dense phytoplankton. dumped 1/2 f 150 um. th sample is split so 1/4 of sampl  for 2 jars. 1/4 of size fraction.
AR32,L5,3,AR32_L5_B3,181112,22:50:00,23:05:00,40.50839,-70.8833,76,73,30,NA,28519,858863,872120,13257,100.7288459,Y,N,28517,943628,955840,12212,92.78876563,N,Y,Y,N,NA,part of 150 um spilled about 5% of sample. 2 EtOH jars.
AR32,L6,4,AR32_L6_B4,181112,00:48:00,00:59:00,40.36082,-70.8764,93,88,30,NA,28519,872119,893234,21115,160.4352102,Y,N,28517,955840,971599,15759,119.7394495,N,Y,Y,N,NA,dumped 1/2 of sample. 1/4 in EtOh
AR32,L7,5,AR32_L7_B5,181112,02:52:00,03:06:00,40.22709,-70.8766,126,120,40,NA,28519,893236,919145,25909,196.8608032,Y,N,28517,971594,996095,24501,186.1625898,N,Y,Y,N,NA,NA
AR32,L10,6,AR32_L10_B6,181113,05:52:00,06:20:00,39.94116,-70.8926,438,200,25,NA,28519,919134,947895,28761,218.5307639,Y,N,28517,996096,25801,29704,225.6958315,N,Y,Y,N,NA,20m/min wire out and wire in
AR32,L11,7,AR32_L11_B7,181113,08:34:00,08:57:00,39.77616,-70.8777,1578,200,20,NA,28519,947894,977683,29789,226.3416754,Y,N,28517,25802,56858,31056,235.9685478,N,Y,Y,N,NA,NA
AR34B,L1,5,AR34B_L1_R5,190415,10:05:00,10:08:00,41.197,-70.883,21,19,NA,NA,NA,NA,NA,NA,NA,NA,NA,NA,NA,NA,NA,NA,Y,NA,NA,NA,NA,OOI Pioneer cruise
AR34B,L2,4,AR34B_L2_R4,190415,08:20:00,08:31:00,41.031,-70.881,46,42,NA,NA,NA,NA,NA,NA,NA,NA,NA,NA,NA,NA,NA,NA,Y,NA,NA,NA,NA,net zeroed halfway up instead of at the weight; OOI Pioneer cruise
AR34B,L3,3,AR34B_L3_R3,190415,06:47:00,06:54:00,40.864,-70.883,54,51,NA,NA,NA,NA,NA,NA,NA,NA,NA,NA,NA,NA,NA,NA,Y,NA,NA,NA,NA,jar label as incorrect time; OOI Pioneer cruise
AR34B,L4,2,AR34B_L4_R2,190415,05:06:00,05:12:00,40.698,-70.886,65,62,NA,NA,NA,NA,NA,NA,NA,NA,NA,NA,NA,NA,NA,NA,Y,NA,NA,NA,NA,OOI Pioneer cruise
AR34B,L5,7,AR34B_L5_R7,190417,06:31:00,06:35:00,40.513,-70.884,76,73,NA,NA,NA,NA,NA,NA,NA,NA,NA,NA,NA,NA,NA,NA,Y,NA,NA,NA,NA,green sample; OOI Pioneer cruise
AR34B,L6,8,AR34B_L6_R8,190417,08:14:00,08:20:00,40.364,-70.884,93,90,NA,NA,NA,NA,NA,NA,NA,NA,NA,NA,NA,NA,NA,NA,Y,NA,NA,NA,NA,OOI Pioneer cruise
AR34B,L7,6,AR34B_L7_R6,190417,03:32:00,03:40:00,40.226,-70.885,126,123,NA,NA,NA,NA,NA,NA,NA,NA,NA,NA,NA,NA,NA,NA,Y,NA,NA,NA,NA,OOI Pioneer cruise
AR34B,L8,9,AR34B_L8_R9,190418,02:10:00,02:20:00,40.137,-70.776,133,130,NA,NA,NA,NA,NA,NA,NA,NA,NA,NA,NA,NA,NA,NA,Y,NA,NA,NA,NA,half salps; OOI Pioneer cruise
AR34B,L9,18,AR34B_L9_R18,190422,05:41:00,05:51:00,40.099,-70.884,147,144,NA,NA,NA,NA,NA,NA,NA,NA,NA,NA,NA,NA,NA,NA,Y,NA,NA,NA,NA,OOI Pioneer cruise
AR34B,L10,21,AR34B_L10_R21,190422,15:32:00,15:52:00,40.034,-70.902,445,200,NA,NA,NA,NA,NA,NA,NA,NA,NA,NA,NA,NA,NA,NA,Y,NA,NA,NA,NA,"cod end jar got wrapped around the wire, not sure at what point of the tow it happened. no time to redo. saved what was collected. OOI Pioneer cruise"
AR34B,L11,10,AR34B_L11_R10,190418,06:01:00,06:14:00,39.775,-70.883,1567,200,NA,NA,NA,NA,NA,NA,NA,NA,NA,NA,NA,NA,NA,NA,Y,NA,NA,NA,NA,OOI Pioneer cruise
AR38,L2,19,AR38_L2_B19,190922,08:25:00,08:30:00,41.03045,-70.8833,45,40,35,NA,29914,724319,734594,10275,78.07112405,Y,N,29913,826790,834309,7519,57.13058703,Y,Y,Y,N,NA,NA
AR38,L3,2,AR38_L3_B2,190920,21:33:00,21:39:00,40.8558,-70.8888,55,50,35,NA,29914,439818,499256,59438,451.6196079,Y,N,29913,600649,622563,21914,166.5061423,Y,Y,Y,N,NA,5% of 150 um spilled.
AR38,L3,16,AR38_L3_B16,190922,04:37:00,04:43:00,40.86452,-70.8814,53,48,35,NA,29914,713993,724318,10325,78.4510322,Y,N,29913,816706,826788,10082,76.6046786,Y,Y,Y,N,NA,salpy but not as as as L4
AR38,L4,14,AR38_L4_B14,190922,02:12:00,02:20:00,40.7024,-70.882,68,60,NA,NA,29914,693499,713997,20498,155.7471436,Y,N,29913,806104,816761,10657,80.97362229,Y,Y,Y,N,NA,335 split into 3 jars (all salps and jelly). dumped 21/2 150 um purely salps.
AR38,L6,8,AR38_L6_B8,190921,05:06:00,05:25:00,40.353,-70.893,93,88,45,80,29914,499256,547568,48312,367.0824472,Y,N,29913,622560,660599,38039,289.0265195,Y,Y,Y,N,NA,holding at 14 m wire out for about 7 mins at 10 m - not good for quant. labels in jars note time in UTC wrong; should be 05xx not 06xx
AR38,L7,9,AR38_L7_B8,190921,07:10:00,07:25:00,40.2225,-70.8826,125,120,40,121,29914,547571,575057,27486,208.8431061,Y,N,29913,660594,687551,26957,204.823678,Y,Y,Y,N,NA,NA
AR38,L9,10,AR38_L9_B10,190921,09:09:00,09:27:00,40.09564,-70.884,145,140,35,140,29914,575060,606074,31014,235.6494249,Y,N,29913,687554,718549,30995,235.5050598,Y,Y,Y,N,NA,335 um 5-10 ml spilled.
AR38,L10,11,AR38_L10_B11,190921,11:32:00,11:59:00,39.93591,-70.8855,450,200,30,NA,29914,606673,656777,50104,380.6983552,Y,N,29913,718545,769193,50648,384.8317558,Y,Y,Y,N,NA,NA
AR38,L11,12,AR38_L11_B12,190921,15:18:00,15:43:00,39.77093,-70.8923,1600,200,NA,NA,29914,656778,693499,36721,279.0121407,Y,N,29913,769193,806102,36909,280.4405954,Y,Y,Y,N,NA,thin sample; offshore
AR39B,L1,1,AR39B_L1_R1,191005,22:56:00,NA,41.195,-70.885,NA,NA,NA,NA,NA,NA,NA,NA,NA,NA,NA,NA,NA,NA,NA,NA,Y,NA,NA,NA,NA,20 m wire out; kept most jellys; OOI Pioneer cruise
AR39B,L2,2,AR39B_L2_R2,191006,00:38:00,NA,41.03,-70.883,NA,NA,NA,NA,NA,NA,NA,NA,NA,NA,NA,NA,NA,NA,NA,NA,Y,NA,NA,NA,NA,40 m wire out; kept most jellys; OOI Pioneer cruise
AR39B,L3,3,AR39B_L3_R3,191006,02:17:00,NA,40.863,-70.883,NA,NA,NA,NA,NA,NA,NA,NA,NA,NA,NA,NA,NA,NA,NA,NA,Y,NA,NA,NA,NA,49 m wire out; kept most jellys; OOI Pioneer cruise
AR39B,L4,4,AR39B_L4_R4,191006,04:04:00,NA,40.697,-70.884,NA,NA,NA,NA,NA,NA,NA,NA,NA,NA,NA,NA,NA,NA,NA,NA,Y,NA,NA,NA,NA,60 m wire out; OOI Pioneer cruise
AR39B,L5,5,AR39B_L5_R5,191006,06:02:00,NA,40.515,-70.885,NA,NA,NA,NA,NA,NA,NA,NA,NA,NA,NA,NA,NA,NA,NA,NA,Y,NA,NA,NA,NA,71 m wire out; OOI Pioneer cruise
AR39B,L6,6,AR39B_L6_R6,191006,14:51:00,NA,40.364,-70.883,NA,NA,NA,NA,NA,NA,NA,NA,NA,NA,NA,NA,NA,NA,NA,NA,Y,NA,NA,NA,NA,87 m wire out; sat at surface longer; OOI Pioneer cruise
AR39B,L7,8,AR39B_L7_R8,191007,19:09:00,NA,40.227,-70.883,NA,NA,NA,NA,NA,NA,NA,NA,NA,NA,NA,NA,NA,NA,NA,NA,Y,NA,NA,NA,NA,120 m wire out; OOI Pioneer cruise
AR39B,L8,7,AR39B_L8_R7,191007,14:29:00,NA,40.138,-70.774,NA,NA,NA,NA,NA,NA,NA,NA,NA,NA,NA,NA,NA,NA,NA,NA,Y,NA,NA,NA,NA,127 m wire out; OOI Pioneer cruise
AR39B,L9,9,AR39B_L9_R9,191008,03:00:00,NA,40.095,-70.887,NA,NA,NA,NA,NA,NA,NA,NA,NA,NA,NA,NA,NA,NA,NA,NA,Y,NA,NA,NA,NA,141 m wire out; OOI Pioneer cruise
AR39B,L10,11,AR39B_L10_R11,191008,20:20:00,NA,39.939,-70.882,NA,NA,NA,NA,NA,NA,NA,NA,NA,NA,NA,NA,NA,NA,NA,NA,Y,NA,NA,NA,NA,200 m wire out; OOI Pioneer cruise
AR39B,L11,10,AR39B_L11_R10,191008,06:33:00,NA,39.773,-70.886,NA,NA,NA,NA,NA,NA,NA,NA,NA,NA,NA,NA,NA,NA,NA,NA,Y,NA,NA,NA,NA,200 m wire out; OOI Pioneer cruise
AR61B,L3,3,AR61B_L3_R3,211109,00:25:00,00:29:00,40.865,-70.884,54,51,NA,NA,NA,NA,NA,NA,NA,NA,NA,NA,NA,NA,NA,NA,Y,NA,NA,NA,211111,EtOH turned orange; OOI Pioneer cruise
AR61B,L5,5,AR61B_L5_R5,211109,04:43:00,04:55:00,40.513,-70.884,56,53,NA,NA,NA,NA,NA,NA,NA,NA,NA,NA,NA,NA,NA,NA,Y,NA,NA,NA,211111,EtOH turned green; OOI Pioneer cruise
AR61B,L6,18,AR61B_L6_R18,211111,14:27:00,14:34:00,40.364,-70.883,95,93,NA,NA,NA,NA,NA,NA,NA,NA,NA,NA,NA,NA,NA,NA,Y,NA,NA,NA,211111,EtOH turned green; Rhizo on IFCB; OOI Pioneer cruise
AR61B,L9,11,AR61B_L9_R11,211110,14:18:00,14:29:00,40.0981,-70.883,147,144,NA,NA,NA,NA,NA,NA,NA,NA,NA,NA,NA,NA,NA,NA,Y,NA,NA,NA,NA,OOI Pioneer cruise
AR61B,L10,7,AR61B_L10_R7,211109,16:49:00,17:03:00,39.94,-70.883,443,200,NA,NA,NA,NA,NA,NA,NA,NA,NA,NA,NA,NA,NA,NA,Y,NA,NA,NA,211111,OOI Pioneer cruise
AR61B,L11,9,AR61B_L11_R9,211110,03:35:00,03:50:00,39.772,-70.864,1580,200,NA,NA,NA,NA,NA,NA,NA,NA,NA,NA,NA,NA,NA,NA,Y,NA,NA,NA,211111,OOI Pioneer cruise
AR63,L2,1,AR63_L2_B1,211126,18:12:00,18:38:00,41.02873,-70.88955,46,40,40,44,NA,NA,456976,NA,NA,N,Y,29913,NA,231398,NA,NA,Y,Y,N,N,NA,forgot to get flow start. get TDR time in and out. 10 m/min wire speed. 150 cod end mesh detaches so not quant
AR63,L4,8,AR63_L4_B8,211128,06:19:00,06:34:00,40.69634,-70.88485,65,60,35,60,NA,509386,533854,24468,185.9118504,Y,Y,29913,275325,297125,21800,165.6399518,Y,Y,Y,Y,NA,ship had stopped instead of 1-2 knots. net at surface while we waited for ship speed. down and up 10 m/min. 70 m payout.
AR63,L5,2,AR63_L5_B2,211126,22:20:00,22:40:00,40.5125,-70.8825,77,70,35,64,NA,456977,479712,22735,172.7442341,N,Y,29913,231395,248634,17239,130.9847307,Y,Y,N,N,NA,wire speed 15m/min
AR63,L7,7,AR63_L7_B7,211128,02:20:00,02:36:00,40.2257,-70.88654,125,120,40,119,NA,479723,509386,29663,225.3843068,Y,Y,29913,248592,275325,26733,203.1216895,Y,Y,Y,Y,NA,20 m/min; 150 wire out
AR66B,L3,2,AR66B_L3_R2,220420,NA,17:35:00,40.86296,-70.8831,NA,NA,NA,NA,NA,NA,NA,NA,NA,NA,NA,NA,NA,NA,NA,NA,Y,NA,NA,NA,NA,52 m wire out; OOI Pioneer cruise
AR66B,L5,4,AR66B_L5_R4,220420,NA,22:30:00,40.51256,-70.88217,NA,NA,NA,NA,NA,NA,NA,NA,NA,NA,NA,NA,NA,NA,NA,NA,Y,NA,NA,NA,NA,73 m wire out; OOI Pioneer cruise
AR66B,L6,22,AR66B_L6_R22,220425,NA,21:43:00,40.36161,-70.87599,NA,NA,NA,NA,NA,NA,NA,NA,NA,NA,NA,NA,NA,NA,NA,NA,Y,NA,NA,NA,NA,91 m wire out; OOI Pioneer cruise
AR66B,L7,19,AR66B_L7_R19,220424,NA,14:55:00,40.22638,-70.88364,NA,NA,NA,NA,NA,NA,NA,NA,NA,NA,NA,NA,NA,NA,NA,NA,Y,NA,NA,NA,NA,123 m wire out; OOI Pioneer cruise
AR66B,L8,20,AR66B_L8_R20,220424,NA,22:50:00,40.13415,-70.7701,NA,NA,NA,NA,NA,NA,NA,NA,NA,NA,NA,NA,NA,NA,NA,NA,Y,NA,NA,NA,NA,130 m wire out; OOI Pioneer cruise
AR66B,L9,15,AR66B_L9_R15,220423,NA,15:55:00,40.09807,-70.88722,NA,NA,NA,NA,NA,NA,NA,NA,NA,NA,NA,NA,NA,NA,NA,NA,Y,NA,NA,NA,NA,144 m wire out; OOI Pioneer cruise
AR66B,L10,6,AR66B_L10_R6,220421,NA,16:10:00,39.94009,-70.87972,NA,NA,NA,NA,NA,NA,NA,NA,NA,NA,NA,NA,NA,NA,NA,NA,Y,NA,NA,NA,NA,200 m wire out. twist in net bewtween the ring and the cod end. OOI Pioneer cruise
AR66B,L11,8,AR66B_L11_R8,220422,NA,02:55:00,39.77548,-70.87314,NA,NA,NA,NA,NA,NA,NA,NA,NA,NA,NA,NA,NA,NA,NA,NA,Y,NA,NA,NA,NA,"200 m wire out; many large jellies, alllarge jellies >5mm in a separate jar. OOI Pioneer cruise"
AR77,L1,1,AR77_L1_B1,231011,16:28:00,16:30:00,41.194,-70.878,17,12,30,NA,29914,894280,901397,7117,54.07612553,Y,Y,29913,825454,831677,6223,47.28336788,Y,Y,Y,Y,231012,net sat at surface from 16:22 to 16:28; TDR did not record depth; 335um cod end spilled 1/6 sample
AR77,L2,2,AR77_L2_B2,231012,03:06:00,03:15:00,41.033,-70.884,47,42,30,37.6,29914,925572,931091,5519,41.93426118,Y,Y,29913,843360,847418,4058,30.83334515,Y,Y,Y,Y,231012,"had to deploy bongos twice due to an issue with hydraulics all nets were rinsed prior to 2nd deployment; upon recovery we found a hole in the 335um net, fixed before next deployments"
AR77,L3,18,AR77_L3_B18,231014,21:16:00,21:21:00,40.863,-70.885,55,50,25,51.25,29914,76575,87571,10996,83.54939952,Y,Y,29913,980872,988177,7305,55.50458016,Y,Y,Y,Y,Y,USBL was used on bongo for real time data but no one looked to see if it was working
AR77,L4,19,AR77_L4_B19,231014,22:42:00,22:49:00,40.694,-70.884,67,62,NA,64.5,29914,87566,91805,4239,32.20861264,Y,Y,29913,988176,992273,4097,31.1296735,Y,Y,Y,Y,Y,we got very close to the seafloor; we tried to use the USBL for real time depth but it did not work - too shallow?
AR77,L5,5,AR77_L5_B5,231012,12:05:00,12:13:00,40.511,-70.882,78.5,73,30,65.5,29914,931088,945284,14196,107.8635209,Y,Y,29913,847410,858721,11311,85.94282084,Y,Y,Y,Y,231012,wire out 84m
AR77,L6,10,AR77_L6_B10,231013,20:36:00,20:45:00,40.363,-70.884,93,88,20,89.44,29914,996050,10119,14068,106.890956,Y,Y,29913,907047,917813,10766,81.80182204,Y,Y,Y,Y,Y,NA
AR77,L7,17,AR77_L7_B17,231014,10:34:00,10:46:00,40.258,-70.884,123,118,30,121,29914,59720,76571,16851,128.0366434,Y,Y,29913,964914,980871,15957,121.2438858,Y,Y,Y,Y,Y,sand in sample; might have hit bottom
AR77,L8,16,AR77_L8_B16,231014,08:13:00,08:29:00,40.152,-70.886,139,134,35,137,29914,35045,59716,24671,187.4542775,Y,Y,29913,941205,964913,23708,180.1372466,Y,Y,Y,Y,Y,probaly hit bottom sand and shells in cod end; ring net sample suspect - mostly sand and silt
AR77,L9,13,AR77_L9_B13,231014,02:14:00,02:40:00,40.029,-70.884,236,200,30,220,29914,10125,35045,24920,189.3462201,Y,Y,29913,917868,941198,23330,177.265141,Y,Y,Y,Y,Y,NA
AR77,L10,6,AR77_L10_B6,231013,03:27:00,03:48:00,39.941,-70.885,449,200,25,213,29914,945290,968957,23667,179.8257219,Y,Y,29913,858805,881732,22927,174.2030814,Y,Y,Y,Y,Y,many salps and large oranisms in 150um net had to remove prior to putting samples in the SIA jars
AR77,L11,8,AR77_L11_B8,231013,10:19:00,10:35:00,39.773,-70.885,1600,200,30,201.2,29914,968960,996049,27089,205.8266355,Y,Y,29913,881735,907041,25306,192.279111,Y,Y,Y,Y,Y,wire out 231m; 30m/min out
AR77,MVCO,35,AR77_MVCO_B35,231016,09:10:00,09:17:00,41.325,-70.578,12,6,35,5.4,29914,91804,100379,8575,65.15424708,Y,Y,29913,992278,96,7817,59.39483958,Y,Y,Y,Y,Y,net sitting at depth from 9:12 to 9:16 winch wire reading not working we brought the net up and recorded TDR depth; TDR depth close enough to target so we counted the tow as good
AT46,L1,1,AT46_L1_B1,220216,19:21:00,19:25:00,41.193269,-70.882483,21,16,45,11.2,29913,309286,318561,9275,70.47296112,Y,Y,29914,546694,559396,12702,96.51186547,Y,Y,Y,Y,Y,"150um sample probably not quantitative because there was plankton in the bucket after rinsing, but couldn't tell where it came from (no hole noticed in net or cod end mesh problem). No 100 um sieve on this cruise, so there will be no 100-200um size fraction sample, and the 20-100 sample will be 20-150 instead. TDR had offset of +12 m at surface. Swithced to other TDR after this cast, which has +4m offset"
AT46,L2,21,AT46_L2_B21,220221,00:27:00,00:33:00,41.025493,-70.8798,46,36,40,43,29913,583766,598476,14710,111.7689766,Y,Y,29914,840464,850832,10368,78.7777532,Y,Y,Y,Y,NA,NA
AT46,L3,22,AT46_L3_B22,220221,02:09:00,02:19:00,40.862765,-70.882973,55,45,NA,48,29913,598475,613394,14919,113.3569927,Y,Y,29914,850837,864858,14021,106.5338424,Y,Y,Y,Y,NA,NA
AT46,L4,2,AT46_L4_B2,220217,03:15:00,03:25:00,40.696641,-70.879305,65,60,20,65,29913,318565,334178,15613,118.6301177,Y,N,29914,559402,575867,16465,125.1037526,Y,Y,Y,Y,Y,"ship was going slow, angle steep. 335 hit botttom (winch operator didnt hear when we changed target depth). sieved out some mud but good bit of sand still (didnt have a 335 sieve to help - used 200). no 335 1/4 split in EtOH. formalin sample is whole sample; 335 NOA is whole sample not 3/4 split"
AT46,L5,3,AT46_L5_B3,220217,06:10:00,06:23:00,40.511398,-70.878749,76,66,35,63,29913,334178,356280,22102,167.934597,Y,Y,29914,575862,600476,24614,187.0211822,Y,Y,Y,Y,Y,NA
AT46,L6,6,AT46_L6_B6,220217,13:54:00,14:15:00,40.35721,-70.879894,94,84,45,83,29913,356282,376312,20030,152.1912034,Y,Y,29914,600476,624083,23607,179.3698322,Y,Y,Y,Y,Y,deploy at 10m/min; recover at 15m/min due to gear in H2O pretty shallow on recovery due to ship speed reduction (gear). vertical at 50m wire out. Labels on jar wrong state Bongo cast as B4 (it should be B6) - this was corrected on the elog but not labels.
AT46,L7,14,AT46_L7_B14,220219,06:36:00,06:54:00,40.223584,-70.892616,126,116,50,80,29913,534064,583880,49816,378.5100842,Y,Y,29914,NA,NA,NA,NA,N,N,N,N,Y,"av angle 40-60; Whole 150 net ripped off, and 20 um net cod end/collar came off. Weather was rough and nets seemed to get tangled due to wave surge at surface just prior to retrieval. Replaced 150 net with tied-off type of cod end (the one from B1, but tied off, not with PVC cod end)"
AT46,L8,13,AT46_L8_B13,220219,02:16:00,02:34:00,40.136878,-70.782766,135,125,45,NA,29913,489544,534064,44520,338.2702134,Y,Y,29914,742836,788496,45660,346.9321191,Y,Y,Y,Y,Y,No TDR. angle at bottom 45. total wire out 175m
AT46,L9,12,AT46_L9_B12,220219,00:45:00,01:06:00,40.090247,-70.89551,155,145,45,84,29913,434892,489544,54652,415.2548001,Y,Y,29914,685888,742836,56948,432.7001822,Y,Y,Y,Y,Y,NA
AT46,L11,7,AT46_L11_B7,220217,22:43:00,23:14:00,39.77104,-70.876575,1600,200,45,175,29913,376318,434890,58572,445.0395988,Y,Y,29914,624098,685454,61356,466.1928844,Y,Y,Y,Y,Y,280m wire out. haul back at 17:58 EST
AT46,MVCO,23,AT46_MVCO_B23,220221,12:00:00,12:04:00,41.323923,-70.563878,15,12,35,14,29913,613396,619031,5635,42.81564808,Y,Y,29914,864987,870731,5744,43.64384784,Y,Y,Y,Y,NA,NA
EN608,L1,1,EN608_L1_B1,180131,20:46:00,04:40:00,41.1947,-70.8826,22,17,35,18.2,28517,651822,661657,9835,74.72793236,Y,Y,28519,617432,625697,8265,62.79881657,Y,Y,Y,Y,NA,"Pay-out speed of 10m/min (instead of 20 like NOAA does). We changed the pay-out speed for the rest of the stations too. They were reduced, and maxed out at 30 m/min whereas NOAA goes up to 50--the ship wanted to keep it to 30. Also, because of the chaos with everything and having to deploy the rake, the nets weren't rinsed about an hour after retrieval. SIze fraction samples in tin foil (except 20-100), but in vials for the rest of the cruise."
EN608,L2,4,EN608_L2_B4,180201,06:24:00,00:14:00,41.0105,-70.8686,48,43,NA,44,28517,661663,674869,13206,100.3413396,Y,Y,28519,625722,637687,11965,90.91201939,Y,Y,Y,Y,NA,"Spilled about 5% of 150um sample. Down at 30 m/min, up at 18 initially then 14 soon after."
EN608,L3,5,EN608_L3_B5,180201,10:24:00,20:14:00,40.8435,-70.8872,55,50,30,54,28517,675301,683513,8212,62.39611394,Y,Y,28519,637710,643850,6140,46.65272036,Y,Y,Y,Y,NA,55m payout
EN608,L4,8,EN608_L4_B8,180201,20:08:00,16:23:00,40.6829,-70.8819,67,62,35,63,28517,683506,696838,13332,101.2987081,Y,Y,28519,643853,655705,11852,90.05342698,Y,Y,Y,N,NA,No picking sample--needed it for 200-500 size fraction that I dumped accidentally
EN608,L5,9,EN608_L5_B9,180202,00:12:00,12:26:00,40.5184,-70.9003,78,73,35,77,28517,696846,711272,14426,109.6110983,Y,Y,28519,655703,668741,13038,99.06484821,Y,Y,Y,Y,NA,NA
EN608,L6,12,EN608_L6_B12,180202,10:52:00,08:28:00,40.353,-70.8972,95,90,30,93,28517,711267,729366,18099,137.5191508,Y,Y,28519,668743,683284,14541,110.4848871,Y,Y,Y,Y,NA,20 um size fractions
EN608,L7,23,EN608_L7_B23,180204,05:49:00,05:16:00,40.2201,-70.866,125,120,40,104,28517,843350,872924,29574,224.7080703,Y,Y,28519,788624,817103,28479,216.3880819,Y,Y,Y,Y,NA,150 net almost clogged with orangy goo. See if IFCB can see it. 200-500 fraction like fudge--very cohesive.
EN608,L9,22,EN608_L9_B22,180204,02:39:00,02:13:00,40.0931,-70.8687,148,140,NA,140,28517,812959,842254,29295,222.5881829,Y,Y,28519,761562,788623,27061,205.6138869,Y,Y,Y,Y,NA,NA
EN608,L10,21,EN608_L10_B21,180203,23:44:00,21:59:00,39.9166,-70.8867,460,200,40,210,28517,771590,812960,41370,314.3360002,Y,Y,28519,723908,761560,37652,286.0860304,Y,Y,Y,Y,NA,Did not include a salp in the >1000um fraction
EN608,L11,19,EN608_L11_B19,180203,18:34:00,18:13:00,39.7599,-70.8901,1650,200,40,195,28517,729622,771594,41972,318.9100943,Y,Y,28519,685484,723906,38422,291.9366159,Y,Y,Y,Y,NA,Did not include a tunicate and Phronima amphipod in >1000um fraction.
EN608,MVCO,30,EN608_MVCO_B30,180205,00:25:00,07:40:00,41.3201,-70.5718,17,14,NA,14,28517,872927,881921,8994,68.33787734,Y,Y,28519,817104,823745,6641,50.45939998,Y,Y,Y,Y,NA,NA
EN617,L1,1,EN617_L1_B1,180720,18:45:00,18:53:00,41.20333,-70.887,23,18,45,NA,28769,229540,242735,13195,100.2577598,Y,Y,28770,292938,307531,14593,110.8799916,Y,Y,Y,Y,NA,"For this entire cruise, using different winch from last cruise, and it doesn't have a wire out or speed reading. Yay. Had to mark off wire lengths with tape. All casts had same/similar speeds up and down. For this cast, speed was about 8m/min. Based on TDR data, we didn't attach it, but I swear I did (I didn't offload the data and didn't realize there were no data showing a cast until later in the cruise--it worked for the rest of the casts.)"
EN617,L2,2,EN617_L2_B2,180720,22:13:00,22:25:00,41.03478,-70.8754,46,41,40,35.2,28769,242781,259571,16790,127.5731555,Y,Y,28770,307532,325943,18411,139.8897776,Y,Y,Y,Y,NA,Wire in/out speed ~8m/min
EN617,L3,5,EN617_L3_B5,180721,07:34:00,07:46:00,40.86585,-70.8825,50,45,50,49.7,28769,259588,270914,11326,86.05679328,Y,Y,28770,325957,338126,12169,92.46204463,Y,Y,Y,Y,NA,Wire speed ~15 m/min
EN617,L4,8,EN617_L4_B8,180721,15:39:00,15:49:00,40.70603,-70.8715,65,60,45,62,28769,270924,279987,9063,68.86215058,Y,Y,28770,338121,351324,13203,100.3185451,Y,Y,Y,Y,NA,"Wire speed 20 down, 17 up. 20-100um size fraction lost"
EN617,L5,9,EN617_L5_B9,180721,18:04:00,18:17:00,40.5224,-70.8727,76,71,40,62,28769,279972,299832,19860,150.8995157,Y,Y,28770,351329,373301,21972,166.9468358,Y,Y,Y,Y,NA,Wire speed ~18 up and down
EN617,L6,12,EN617_L6_B12,180722,02:50:00,03:04:00,40.37543,-70.8851,91,86,35,80,28769,299820,313194,13374,101.617831,Y,Y,28770,373306,388644,15338,116.5406229,Y,Y,Y,Y,NA,NA
EN617,L7,13,EN617_L7_B13,180722,05:52:00,06:07:00,40.23185,-70.886,124,119,35,106,28769,313194,338628,25434,193.2516758,Y,Y,28770,388653,416822,28169,214.0326514,Y,Y,Y,Y,NA,NA
EN617,L8,14,EN617_L8_B14,180722,07:42:00,07:56:00,40.14222,-70.7665,132,127,35,121,28769,338624,358585,19961,151.6669301,Y,Y,28770,416816,438905,22089,167.8358208,Y,Y,Y,Y,NA,up at 20m/min
EN617,L9,17,EN617_L9_B17,180722,19:03:00,19:18:00,40.0996,-70.8742,147,142,45,115,28769,358580,377273,18693,142.0324595,Y,Y,28770,438888,461026,22138,168.2081308,Y,Y,Y,Y,NA,NA
EN617,L10,18,EN617_L10_B18,180722,22:38:00,22:55:00,39.94373,-70.8702,161,156,45,167,28769,377259,403950,26691,202.8025666,Y,Y,28770,461024,492198,31174,236.865131,Y,Y,Y,Y,NA,"Crazy keeping track of measurements on wire, ship speed all over the place. Not sure how it went deeper than the bottom depth, unless we headed toward deeper water and got lucky. No mud in net."
EN617,L11,21,EN617_L11_B21,180723,14:44:00,15:04:00,39.77132,-70.8765,1687,200,25,168,28769,403965,425655,21690,164.8041538,Y,Y,28770,492107,519081,26974,204.9528467,Y,Y,Y,Y,NA,"~215 m of wire out (bad measurement, probably--JKL)"
EN617,L11,25A,EN617_L11_B25A,180724,08:20:00,08:50:00,39.76848,-70.8566,1598,10,45,11,28769,425815,471626,45811,348.0794417,N,N,28770,519088,570694,51606,392.1107959,N,N,N,N,NA,"For flow meter calibration (and bluefin larvae). Tow-yo to 10 m for at least a nm and bridge marked when net in and out. First tow (A) in one direction and second tow (B) in opposite direction. Distance of this tow was 1.099 nm, which is 2035 m. BUT, as I was putting all the numbers together, I realized that the 2nd tow was throwing things off, and it was because they towed with the wind and much faster through the water than the more typical tow (which tow A was). So we're scrapping the calibration from these stations and will tow for a known distance at MVCO (just once because of little current)."
EN617,L11,25B,EN617_L11_B25B,180724,09:16:00,09:53:00,39.76143,-70.8428,1830,10,45,18,28769,471626,561001,89375,679.0858114,N,N,28770,570694,648345,77651,590.0049492,N,N,N,N,NA,flowmeter calibration
EN617,MVCO,35,EN617_MVCO_B35,180725,01:41:00,01:45:00,41.3223,-70.5752,17,12,45,14,28769,560996,569225,8229,62.52528271,Y,Y,28770,648348,657166,8818,67.00060067,Y,Y,Y,Y,NA,NA
EN617,MVCO,35B,EN617_MVCO_B35B,180725,NA,NA,41.31645,-70.5585,17,10,45,NA,28769,569225,632748,63523,482.6581035,N,N,28770,657166,692509,35343,268.5418722,N,N,N,N,NA,Calibration tow (sample not kept). Again the 335 count was higher. But this time the 150 was so low (half the 335) that something must have made it get stuck.
EN627,L1,44,EN627_L1_B44,190206,02:03:00,02:08:00,41.19361,-70.8818,22,18,45,20,28770,450257,459969,9712,73.79335832,Y,Y,28769,574284,584117,9833,74.71273604,Y,Y,Y,Y,NA,sand lance removed; frozen in baggie
EN627,L2,7,EN627_L2_B7,190202,08:31:00,08:37:00,41.0226,-70.8842,46,41,35,33,28770,319371,323022,3651,27.74089284,Y,Y,28519,977698,991511,13813,104.9534245,Y,Y,Y,Y,190204,"there will be 4 drops on TDR. attempt 1, whinch calibration, bongo 7 (sample), bongo 8 sample). no time between 7 and 8 to remove TDR. 335 um net some sand remained from previous aborted sample despite having multiple rinses. 150 um net seems like a lot of sample, lots of color even when split."
EN627,L3,8,EN627_L3_B8,190202,10:43:00,11:04:00,40.8625,-70.8819,56,50,45,43,28770,323010,324303,1293,9.824424661,Y,Y,28519,991514,3638,12123,92.11252913,Y,Y,Y,Y,190204,TDR data in file for B7 no time to remove and start new. long pause at bottom 1min
EN627,L4,12,EN627_L4_B12,190202,20:35:00,20:45:00,40.69489,-70.8718,60,60,45,67,28770,324978,341118,16140,122.6343496,Y,Y,28769,333731,361818,28087,213.4096021,Y,Y,Y,Y,190204,NA
EN627,L5,40,EN627_L5_B40,190205,19:24:00,19:33:00,40.5121,-70.886,76,70,45,64,28770,428649,429118,469,3.563538412,Y,Y,28769,557884,573477,15593,118.4781545,Y,Y,Y,Y,NA,NA
EN627,L6,16,EN627_L6_B16,190202,11:34:00,11:45:00,40.36438,-70.893,95,90,40,77,28770,622988,626858,3870,29.40489052,Y,Y,28769,361774,384486,22712,172.5694763,Y,Y,Y,Y,190204,port flowmeter taken apart before thi cast
EN627,L7,17,EN627_L7_B17,190203,14:31:00,14:50:00,40.22749,-70.8892,127,115,35,94,28770,626959,634328,7369,55.99086259,Y,Y,28769,384493,392127,7634,58.00437577,Y,Y,Y,Y,190204,paused 1 min out at 123m. pillboy diatoms escaped 335 um ne and were capture on 200 um sieve. extra 2 minutes near surface because we had to haul back the net to unwrap the 20 um ring net. 20 um ring net was replete with pillbox diatoms. 150 um net had a lot of sample. slight spill 5ml of 2nd 1/2 of 150um split of DNA and MorphID samples.
EN627,L8,19,EN627_L8_B19,190203,18:56:00,19:12:00,40.12047,-70.7666,135,130,45,132,28770,661338,673688,12350,93.83731212,Y,Y,28769,416178,430707,14529,110.3937091,Y,Y,Y,Y,190204,re did tow after hitting bottom. 2nd cast 145 wire out at 45 degree angle 103m target.
EN627,L9,22,EN627_L9_B22,190204,02:48:00,03:06:00,40.10469,-70.8786,148,110,50,116,28770,348247,348573,326,2.477001113,Y,Y,28769,437456,469960,32504,246.9706877,Y,Y,Y,Y,190204,"flowmeter taken apart before tow to fix. wire out 170m. sent down initially but no winch readout. pulled out, rinsed, fixed, deployed"
EN627,L10,24,EN627_L10_B24,190204,07:39:00,08:04:00,39.9382,-70.8848,448,200,40,196.4,28770,348579,384822,36243,275.3802189,Y,Y,28769,469964,473220,3256,24.73961848,Y,Y,Y,Y,190205,wire out 250m. 20 um net bioluminescence. 150 um was full of pillbox diatoms (cosscinodiscus). salp and pheronima seen went into NOAA split.
EN627,L11,25,EN627_L11_B25,190204,10:36:00,11:13:00,39.77296,-70.884,1600,200,55,167,28770,384819,392016,7197,54.68397857,Y,Y,28769,473220,509244,36024,273.7162212,Y,Y,Y,Y,NA,"bongo first, before CTD or up/downstream. at surface for 3+ min while 20 um was untwisted. samples frothy, very smelly, loads of diatoms, very challenging to filter over 20 um sieve. under scope we see more ceratine than previous samples"
EN627,MVCO,45,EN627_MVCO_B45,190206,04:40:00,04:44:00,41.3182,-70.5748,17,13,45,17,28770,459968,467989,8021,60.94486482,Y,Y,28769,584116,591843,7727,58.71100492,Y,Y,Y,Y,NA,no sand in sample
EN627,u11c,29,EN627_Lu11c_B29,190205,03:38:00,04:09:00,39.78149,-70.527,1627,200,45,231,28770,423427,428209,4782,36.3344151,Y,Y,28769,532013,557823,25810,196.1085851,Y,Y,Y,Y,NA,300 m wire out
EN644,L1,1,EN644_L1_B1,190820,20:19:00,20:23:00,41.1934,-70.8845,21,16,40,19,28769,262262,271642,9380,71.27076823,Y,Y,28770,514713,522349,7636,58.01957209,Y,Y,Y,Y,NA,rebuilt flowmeter 28769 prior to tow and got it spinning well. drilling out the little hole in cap that the metal bar sits in fixed it.
EN644,L2,2,EN644_L2_B2,190821,00:00:00,00:10:00,41.0276,-70.8794,47,43,37,46,28769,271643,286703,15060,114.4283336,Y,Y,28770,522347,532893,13532.916,102.8253006,Y,Y,Y,Y,NA,"TDR reading 4m at the surface and we didnt hit bottom, so must be an offset all the way down switched to C9446 before rest of cruise. fixed 150 um flowmeter with correction factor"
EN644,L3,5,EN644_L3_B5,190821,08:15:00,08:52:00,40.8648,-70.8748,55,50,45,41,28769,286699,310266,23567,179.0659056,Y,Y,28770,532893,546702,21177.3062,160.9086228,Y,Y,Y,Y,NA,C9947 TDR also has an offset 5.6 m. will test both on CTD. fixed 150 um flowmeter with correction factor
EN644,L4,23,EN644_L4_B23,190824,04:53:00,05:01:00,40.6955,-70.888,67,55,30,63,28769,578068,589238,11170,84.87147987,Y,Y,28770,384929,395089,10160,77.19733531,Y,Y,Y,Y,NA,NA
EN644,L5,22,EN644_L5_B22,190824,03:21:00,03:29:00,40.5178,-70.8856,77,68,40,66,28769,563681,578062,14381,109.269181,Y,Y,28770,371368,384917,13549,102.9475095,Y,Y,Y,Y,NA,fixed 5m offset of TDRs so should be good now
EN644,L6,7,EN644_L6_B7,190821,21:12:00,21:25:00,40.3441,-70.875,97,90,55,89,28769,312720,338793,26073,198.1069019,Y,Y,28770,546716,573688,26972,204.9376504,Y,Y,Y,Y,NA,wire 20 um min up and down wire out 140m
EN644,L7,8,EN644_L7_B8,190822,02:51:00,03:05:00,40.2217,-70.8846,128,120,45,111,28769,338792,374373,35581,270.350235,Y,Y,28770,573687,606850,33163,251.9778771,Y,Y,Y,Y,NA,wire sped 20m/min; wire out 170m; tore small net. still had a sample but not usable for future tows.
EN644,L8,9,EN644_L8_B9,190822,05:31:00,NA,40.1212,-70.7736,NA,NA,NA,NA,28769,NA,NA,NA,NA,N,N,28770,NA,NA,NA,NA,N,N,N,N,NA,deployed and recovered without sample. too rought to put out again
EN644,L9,18,EN644_L9_B18,190823,16:18:00,16:30:00,40.1152,-70.8848,145,120,40,122,28769,423368,452695,29327,222.8313241,Y,Y,28770,345998,371379,25381,192.8489732,Y,Y,Y,Y,NA,now have 20um net back on (repaired with tape). wire speed 20. wire out target 157m. 3rd attempt to not hit bottom here. got a sample.
EN644,L10,13,EN644_L10_B13,190822,17:47:00,18:15:00,39.9319,-70.8849,463,200,NA,218,28769,457151,493898,36747,279.209693,Y,Y,28770,678146,688109,33020.8542,250.8978301,Y,Y,Y,Y,NA,fixed 150 um flowmeter with correction factor
EN644,L11,17,EN644_L11_B17,190823,03:07:00,03:30:00,39.762,-71.0547,1400,200,NA,203,28769,493871,534484,40613,308.5841909,Y,Y,28770,306731,345998,39267,298.3570636,Y,Y,Y,Y,NA,"rebuilt flowmeter 28770 prior to this cast. been too low for several casts, but wasnt really stiff, but did make it smoother"
EN644,MVCO,29,EN644_MVCO_B29,190825,04:43:00,04:47:00,41.3175,-70.5854,20,15,40,13,28769,586960,594616,7656,58.17153535,Y,Y,28770,391248,396793,5545,42.13181342,Y,Y,Y,Y,NA,"lots of ctenophores, did our best to remove them, not included in size frac either"
EN649,L1,1,EN649_L1_B1,200201,18:48:00,18:53:00,41.2087,-70.8935,25,20,35,20,28769,845550,846206,7920,60.17745036,Y,Y,28770,640118,648038,7920,60.17745036,Y,Y,Y,Y,200204,corrected 335 flowmeter value; observed 29m edpth whe net at full wire out 22m. new 20um net deployed above bong. 335 few ctenophores kept with sample. 150 couple jellies again.
EN649,L2,5,EN649_L2_B5,200202,09:16:00,09:28:00,41.0319,-70.8913,47,42,40,44,28769,878964,899276,20312,154.3338853,Y,Y,28770,653068,675629,22561,171.4221537,Y,Y,Y,Y,200204,ctenophores present 150um. many chatognaths. 100-200 fraction had less material than the 20-100 fraction.
EN649,L3,6,EN649_L3_B6,200202,12:40:00,12:52:00,40.8632,-70.8917,56,51,45,46,28769,899274,922408,23134,175.7759011,Y,Y,28770,675613,699178,23565,179.0507093,Y,Y,Y,Y,200204,54 m bottom depth mid tow. very foamy sample both 150 and 335 um - picture available.
EN649,L4,21,EN649_L4_B21,200205,09:31:00,09:39:00,40.6991,-70.8866,67,62,45,58,28769,739935,745236,18843,143.172184,Y,Y,28770,602335,621178,18843,143.172184,Y,Y,Y,Y,200205,"corrected 335 flowmeter value. 335 net sand lance larvae and chaetognaths. 150 net many diatoms large sand lance larvae, chaetognaths."
EN649,L5,20,EN649_L5_B20,200205,06:43:00,06:53:00,40.5154,-70.8769,77,72,45,75,28769,739103,739934,16870,128.1810085,Y,Y,28770,599357,602330,16870,128.1810085,Y,Y,Y,Y,200205,corrected 335 and 150 flowmeter value. 150 net full of diatoms and many chaetognaths and some sand lance notable lack of jellies as compared to offshore. wire out 97m.
EN649,L6,19,EN649_L6_B19,200205,04:42:00,04:57:00,40.2961,-70.8693,115,105,50,96,28769,731444,739106,31076,236.120511,Y,Y,28770,568280,599356,31076,236.120511,Y,Y,Y,Y,200205,corrected 335 flowmeter value. started tow 4nm south of L6
EN649,L7,7,EN649_L7_B7,200202,23:07:00,23:25:00,40.2198,-70.8985,129,123,50,108,28769,922404,957606,35202,267.4705313,Y,Y,28770,699500,711278,35202,267.4705313,Y,Y,Y,Y,200204,corrected 150 flowmeter values; removed large salp from 150 um size fraction split.
EN649,L8,8,EN649_L8_B8,200203,01:36:00,01:58:00,40.121,-70.8076,138,133,55,110,28769,957606,959262,53150,403.8423594,Y,Y,28770,711250,764400,53150,403.8423594,Y,Y,Y,Y,200204,corrected 335 flowmeter value. pretty fast tow. 150 flowmeter numbers may have jumped because some are off centered; rebuilt to fix aligned mouth but not sure when caused. but flow seems reasonable because we were towing fast. 335 flow isnt right took apart again.
EN649,L9,11,EN649_L9_B11,200203,09:31:00,09:55:00,40.0902,-70.9232,159,154,45,106,28769,700177,704997,32889,249.8959804,Y,Y,28770,492089,524978,32889,249.8959804,Y,Y,Y,Y,200205,corrected 335 flowmeter value. upon recovery did not seem to be too much sample. 335 few salps and krill. 150 some salpts too large to fit in the small container for 1/4 frozen taxa picking. 335 flow no good.
EN649,L10,12,EN649_L10_B12,200203,18:22:00,18:59:00,39.9366,-70.9128,452,200,55,221,28769,705007,720134,39931,303.4022437,Y,Y,28770,524997,564928,39931,303.4022437,Y,Y,Y,Y,200205,corrected 335 flowmeter value. 325 m wire out. thin sample. good number of krill. no salps. warm slope water. 335 flow no good.
EN649,L11,16,EN649_L11_B16,200204,13:16:00,13:49:00,39.7693,-70.8872,1634,200,50,244,28769,720132,772237,52105,395.9022792,Y,Y,28770,557036,568279,52105,395.9022792,Y,Y,Y,Y,200205,"corrected 150 flowmeter values. 335 small krill, clio like shelled pteropod. 150 siphonophore brocts does not appear to be salps. copepods not abundant. 3/4 split fixed in formalin was divided int 2 pint jars (we ran out of quart jars). 25 mL formalin added to each jar."
EN649,MVCO,2,EN649_MVCO_B2,200201,23:26:00,23:31:00,41.3214,-70.5812,18,14,25,17,28769,846208,846803,5031,38.22635767,Y,Y,28770,648036,653067,5031,38.22635767,Y,Y,Y,Y,200204,corrected 335 flowmeter value; several ctenophores but not removed expect only ctenophore goo was in >1000 um size fraction. worked on 335 flowmeter after this tow will see. 18m wire out
EN655,L1,1,EN655_L1_B1,200725,16:20:00,16:27:00,41.201937,-70.878872,23,18,60,21,29914,19,15274,15255,115.9099754,Y,Y,29913,9,15500,15491,117.7031419,Y,Y,Y,Y,NA,Wire speed 10m/min up and down
EN655,L2,2,EN655_L2_B2,200725,18:23:00,18:31:00,41.029715,-70.874097,46,40,35,43,29914,15274,28765,13491,102.506816,Y,Y,29913,15500,29028,13528,102.787948,Y,Y,Y,Y,NA,"10 m/min wire speed down, 15 m/min up. TDR offset of +6m not fixed in files yet, but value here is corrected."
EN655,L3,3,EN655_L3_B3,200725,22:09:00,22:25:00,40.847353,-70.881163,54,49,35,46,29914,28765,50030,21265,161.5749346,Y,Y,29913,29028,49872,20844,158.376108,Y,Y,Y,Y,NA,"15 m/min. TDR offset of +6 m in files not fixed, but value here is corrected."
EN655,L4,7,EN655_L4_B7,200726,11:54:00,12:02:00,40.697552,-70.881578,65,60,30,52,29914,50030,69327,19297,146.62175,Y,Y,29913,49872,68660,18788,142.754285,Y,Y,Y,Y,NA,"15 m/min. TDR offset of +6 m in files not fixed, but value here is corrected."
EN655,L5,10,EN655_L5_B10,200726,19:41:00,19:49:00,40.504708,-70.876428,78,73,35,72,29914,69327,88240,18913,143.7040554,Y,Y,29913,68660,85838,17178,130.5212427,Y,Y,Y,Y,NA,"av angle 35-40; wire out 20m/min, 90 m wire out"
EN655,L6,16,EN655_L6_B16,200728,02:28:00,02:38:00,40.191862,-70.883432,93,80,45,60,29914,194924,212921,17997,136.7441382,Y,Y,29913,171493,189319,17826,135.4448523,Y,Y,Y,Y,NA,"20 m/min, 90 m wire out; was very conservative after last tow and everything seemed fine."
EN655,L7,11,EN655_L7_B11,200727,02:04:00,02:20:00,40.21811,-70.870748,128,120,40,128,29914,88154,110193,22039,167.4559127,N,N,29913,85840,106207,20367,154.7517843,Y,Y,Y,N,NA,"av angle 45-25; 20m/min. 335 net skimmed the bottom and got mud/sand in it, so we couldn't keep sample. 150 sample was good, so used 1/4 split for NOAA but there's no taxa picking sample (but could potentially be done from SIA samples if there's enough material)."
EN655,L9,15,EN655_L9_B15,200727,22:05:00,22:24:00,40.099623,-70.881967,148,140,50,148,29914,NA,NA,NA,NA,N,N,29913,NA,NA,NA,NA,N,N,N,N,NA,NO SAMPLES; hit bottom and no time to re-do. Thought I was being conservative and I really think there was a winch problem or the winch operator didn't tell us he went past our target of 190 m
EN655,L10,12,EN655_L10_B12,200727,11:13:00,11:41:00,39.931543,-70.887863,460,200,40,201,29914,110193,162306,52113,395.9630645,Y,Y,29913,106202,157722,51520,391.4573539,Y,Y,Y,Y,NA,Both nets with very little biomass. Down and up at 20 m/min with some time up at 25 m/min
EN657,L1,1,EN657_L1_B1,201013,18:33:00,18:38:00,41.2033,-70.8644,23,18,45,NA,29914,223502,233783,10281,78.11671303,N,N,29913,199103,208705,9602,72.9575604,Y,Y,Y,Y,NA,no 20um ring net sample; cod end of 20um net came off in water no sample. mesh of 335 cod end came unglued non quantitative. 10m/min wire in/out. no tdr file
EN657,L2,5,EN657_L2_B5,201014,13:34:00,13:46:00,41.03,-70.8878,45,40,20,31,29914,247899,258114,10215,77.61523427,Y,Y,29913,221099,228625,7526,57.18377417,Y,Y,Y,Y,NA,double check TDR for recovery time; 15m/min
EN657,L3,2,EN657_L3_B2,201714,00:40:00,00:48:00,40.8553,-70.8755,54,49,30,43,29914,233783,247899,14116,107.2556678,Y,Y,29913,208705,221097,12392,94.15643496,Y,Y,Y,Y,NA,used spare 335um cod end; seastar TDR file contains this + L1 profile
EN657,L4,6,EN657_L4_B6,201014,19:00:00,19:09:00,40.6949,-70.8996,65,60,35,55,29914,258114,272675,14561,110.6368503,Y,Y,29913,228625,240434,11809,89.72670597,Y,Y,Y,Y,NA,15m/min in and out wire speed
EN657,L5,7,EN657_L5_B7,201014,23:50:00,00:02:00,40.514,-70.8883,79,73,30,66,29914,272675,290655,17980,136.6149694,Y,Y,29913,240434,255835,15401,117.0193072,Y,Y,Y,Y,NA,sparse sample; 75m wire out; 15m/min
EN657,L6,17,EN657_L6_B17,201017,01:15:00,01:26:00,40.3733,-70.8941,91,85,40,72,29914,460207,478678,18471,140.3456674,Y,Y,29913,392247,408015,15768,119.807833,Y,Y,Y,Y,NA,NA
EN657,L7,19,EN657_L7_B19,201017,06:18:00,06:28:00,40.2225,-70.8578,125,120,35,112,29914,478675,503595,24920,189.3462201,Y,Y,29913,408015,428371,20356,154.6682045,Y,Y,Y,Y,NA,335 cod end cracked against haul on retreval. None or minimal sample lost. 140m payout
EN657,L8,15,EN657_L8_B15,201016,12:15:00,12:32:00,40.128,-70.7654,135,130,40,106.5,29914,402905,436095,33190,252.1830275,Y,Y,29913,350886,377865,26979,204.9908375,Y,Y,Y,Y,NA,TDR file contains B14 and B18
EN657,L9,14,EN657_L9_B14,201016,10:14:00,10:30:00,40.1009,-70.8804,145,140,30,123,29914,376192,402905,26713,202.9697262,Y,Y,29913,328420,350886,22466,170.7003283,Y,Y,Y,Y,NA,"non-quantitative; 335- new cod end came away from cod end at top of mesh, using gorilla glue to affix in place."
EN657,L10,9,EN657_L10_B9,201015,08:42:00,09:09:00,39.9308,-70.8775,457,200,40,198,29914,290655,331634,40979,311.3651185,Y,Y,29913,255835,290675,34840,264.7199963,Y,Y,Y,Y,NA,"some external labels may say B8; B8 was aborted due to failed coms on CTD, B9 is correct for all that are labled B8; internal labels changed. 20m/min down and up; 250m payout"
EN657,L11,12,EN657_L11_B12,201015,17:08:00,17:33:00,39.7671,-70.8742,1598,200,30,180,29914,331634,376182,44548,338.482962,Y,Y,29913,290675,328424,37749,286.8230522,Y,Y,Y,Y,NA,"non-quantative 335 sample, mesh on 335 cod end came off in same location, (different end) was glued back in place."
EN657,MVCO,20,EN657_MVCO_B20,201018,02:07:00,02:11:00,41.322,-70.5788,17,12,35,12.7,29914,503631,509125,5494,41.74430711,Y,Y,29913,428403,731731,303328,2304.735564,Y,Y,Y,Y,NA,150um flowmeter value seems oddly high; with new glued cod end. 13m wire out. 8m/min
EN661,L1,1,EN661_L1_B1,210203,19:31:00,19:36:00,41.2022,-70.8788,21,16,25,NA,29914,517121,521758,4637,35.23268148,Y,N,29913,441965,445795,3830,29.100964,N,Y,N,Y,NA,20 um freeze. lot of sediments/mud from suspension not bottom sampling
EN661,L2,2,EN661_L2_B2,210204,02:24:00,02:36:00,41.0328,-70.8921,47,42,40,NA,29914,521795,544068,22273,169.2338828,Y,N,29913,445795,461945,16150,122.7103312,N,Y,N,Y,NA,20 um freeze.
EN661,L3,12,EN661_L3_B12,210206,15:36:00,15:52:00,40.8616,-70.8853,55,50,35,NA,29914,713571,738902,25331,192.469065,Y,N,29913,623665,646855,23190,176.2013982,N,Y,N,Y,NA,20 um frozen. 1st use of the mesh 335 um cod end.
EN661,L4,5,EN661_L4_B5,210204,13:24:00,13:42:00,40.6968,-70.89,66,61,40,NA,29914,544091,559555,15464,117.4979915,Y,N,29913,461944,478375,16431,124.845415,N,Y,N,Y,NA,"wire angle changed to 30 right at bottom. nets were very full. definitely a lot of plankton but also a lle grit, mud, grass. formalin samples in 2 jars. on 20um frozen sample cast number says B04"
EN661,L5,6,EN661_L5_B6,210204,16:16:00,16:30:00,40.5146,-70.8933,77,72,30,NA,29914,559526,588712,29186,221.7599831,Y,N,29913,478376,505715,27339,207.7261762,N,Y,N,Y,NA,20 um freeze.
EN661,L10,7,EN661_L10_B7,210205,01:50:00,02:28:00,39.9396,-70.8898,440,200,45,NA,29914,588715,647752,59037,448.5727446,Y,N,29913,505727,561334,55607,422.5110457,N,Y,N,Y,NA,jelly fish in both nets (2 in 150 frozen sample with zooplankton) 1 in 335. 1 in EtOh sample. 20 um frozen.
EN661,L11,10,EN661_L11_B10,210205,13:55:00,14:33:00,39.7692,-70.8712,1594,200,50,NA,29914,647742,713571,65829,500.1794672,N,N,29913,561336,623673,62337,473.6466822,N,Y,N,Y,NA,we broke the 335 um cod ends = lost sample. wrong date on label/stickers (210206 instead of 210205). 20 um frozen.
EN661,MVCO,14,EN661_MVCO_B14,210207,00:59:00,01:04:00,41.3157,-70.5789,17,12,33,NA,29914,738898,744979,6081,46.20442874,Y,N,29913,646855,655530,8675,65.91406337,N,Y,N,Y,NA,20 um frozen.
EN668,L1,1,EN668_L1_B1,210716,18:47:00,18:51:00,41.1898,-70.8795,21,15,NA,NA,29914,911698,920053,8355,63.48265123,Y,Y,29913,711685,719703,8018,60.92207033,Y,Y,Y,Y,210718,"accidentally labeled jars w date ""210717"" wrote over external labels w wax pencil. externals corrected. ETOH changed at 00:00 on 18JUL and again on 09:00 19JUL"
EN668,L2,2,EN668_L2_B2,210717,05:02:00,05:51:00,41.0284,-70.8797,46,41,NA,NA,29914,920061,55985,135923,1032.765099,Y,Y,29913,719704,745575,25871,196.572073,Y,Y,Y,Y,Y,was at the surface for several minutes while straightening out 20 um net (started descending at 05:08). removed fish from 335 um cod end. 2nd ETOH change at 09:00 (local) on 19JUL
EN668,L3,21,EN668_L3_B21,210721,03:21:00,03:32:00,40.8571,-70.8802,54,49,NA,NA,29914,377526,187545,810018,6154.648736,Y,Y,29913,163303,402015,238712,1813.772668,Y,Y,Y,Y,Y,payout at 10-12m/min. ship speed 1 kt. wire out 59m actual depth 50m.
EN668,L4,5,EN668_L4_B5,210717,13:47:00,14:12:00,40.6909,-70.8762,65,60,NA,NA,29914,55985,2472,946486,7191.554834,Y,Y,29913,754575,799076,44501,338.1258483,Y,Y,Y,Y,Y,centropages typicus - lots of em and blue. strawberry squid removed and put in formalin 150um. changed ETOH end time at 09:00 on 19JUL
EN668,L5,7,EN668_L5_B7,210717,22:27:00,22:41:00,40.5145,-70.876,76,71,NA,NA,29914,2473,49023,46550,353.6944841,Y,Y,29913,799079,841969,42890,325.8852078,Y,Y,Y,Y,210719,descending speed 20m/min. paid out 105m line. ascending speed 10m/min. ETOH samples smelling rotten at ETOH change on 19JUL at 09:00 salps?
EN668,L6,18,EN668_L6_B18,210720,10:08:00,10:29:00,40.377,-70.8942,90,85,NA,NA,29914,324537,377526,52989,402.6190552,Y,Y,29913,111486,163303,51817,393.7140083,Y,Y,Y,Y,210721,payout at 15m/min. retrieve at 15m/min. depth 82m. payout 140m. salpy but able to split. change ETOH at 01:20 UTC on 21JUL
EN668,L7,17,EN668_L7_B17,210720,07:13:00,07:32:00,40.2074,-70.9354,130,125,NA,NA,29914,285514,324537,39023,296.5031118,Y,Y,29913,72128,111486,39358,299.0484964,Y,Y,Y,Y,210721,payout speed 20m/min. total payout 158m. retrieve speed 15m/min. max depths 124.5m. chades ETOH at 01:20 UTC on 21JUL
EN668,L8,15,EN668_L8_B15,210719,15:47:00,16:25:00,40.1348,-70.7717,130,125,NA,NA,29914,236898,285514,48616,369.3922887,Y,Y,29913,24278,72128,47850,363.5720959,Y,Y,Y,Y,Y,"SBE turned off at deployment, unknown error. held out at surface for 5 min while remedied. wide wire angle. 129 m depth (boat depth increase during tow). 20m/min in/out. 180 max wire out. salpy tow. see cruisenote word doc for sampling notes"
EN668,L9,14,EN668_L9_B14,210719,14:37:00,14:56:00,40.0957,-70.8737,147,141,NA,NA,29914,200930,236898,35968,273.2907241,Y,Y,29913,989517,24278,34760,264.1121433,Y,Y,Y,Y,Y,20m/min in/out. 154m wire out. ship speed 2 kt. 1L formalin representative sample of 1/10 335um total volume 10 qt. see cruise notes for details on sub sampling. Sea save file misnames en668L09B15
EN668,L10,8,EN668_L10_B8,210718,08:24:00,09:01:00,39.909,-70.8957,533,200,NA,NA,29914,49023,153215,104192,791.6677914,Y,Y,29913,841969,943875,101906,774.298391,Y,Y,Y,Y,Y,11 calanus from 335. lots of salps. payout at 20m/min. payout 375m. retirieve at 15m/min or 20. winds 15-20 kts. ETOH samples smelling bad salps?
EN668,L11,11,EN668_L11_B11,210718,17:18:00,17:45:00,39.762,-70.8786,1578,200,NA,NA,29914,155215,200930,45715,347.3500181,Y,Y,29913,943875,989517,45642,346.7953522,Y,Y,Y,Y,Y,Ann sampling calanus from 335. actual depth 204m 252 m wire out 20m/min in/out. ship speed 1.5-2. ETOH changed early due to salp presence and changed one more time.
EN668,MVCO,25,EN668_MVCO_B25,210721,11:30:00,11:36:00,41.3132,-70.5751,NA,NA,NA,NA,29914,402051,418711,16660,126.5853943,Y,Y,29913,187545,203941,16396,124.5794793,Y,Y,Y,Y,NA,22 wire out. 10m/min in/out. 16 depth.
EN687,L1,1,EN687_L1_B1,220729,19:51:00,19:56:00,41.1835,-70.8713,21,15,35,17,29913,629690,635308,5618,42.68647931,Y,Y,29914,881600,887441,5841,44.38086964,Y,Y,Y,Y,NA,NA
EN687,L2,2,EN687_L2_B2,220730,03:50:00,04:08:00,41.0291,-70.8842,47,40,30,40,29913,635314,651913,16599,126.1219064,Y,Y,29914,887442,904435,16993,129.1155826,Y,Y,Y,Y,NA,tons of small salps. used bucket and quart jar to take a 1/10 subsample instead of using splitter. Thalia democratica
EN687,L3,22,EN687_L3_B22,220802,21:41:00,21:48:00,40.858,-70.8712,53,45,35,39,29913,923864,938613,14749,112.065305,Y,Y,29914,183685,198843,15158,115.1729536,Y,Y,Y,Y,NA,wire out 55. 15m/min.
EN687,L4,5,EN687_L4_B5,220730,12:15:00,12:29:00,40.7065,-70.8874,65,60,35,49,29913,651913,672856,20943,159.1283261,Y,Y,29914,904435,926223,21788,165.5487738,Y,Y,Y,Y,NA,70m payout at 10m/min. salpy but splitable
EN687,L5,6,EN687_L5_B6,220730,14:38:00,14:53:00,40.5201,-70.9002,76,70,40,61,29913,672856,699562,26706,202.9165391,Y,Y,29914,926223,953555,27332,207.6729891,Y,Y,Y,Y,NA,85m payout at 10m/min. increase to 95m at 20m/min for return.
EN687,L6,18,EN687_L6_B18,220802,03:57:00,04:13:00,40.3563,-70.8747,94,85,35,77,29913,873600,901085,27485,208.835508,Y,Y,29914,132587,160624,28037,213.0296939,Y,Y,Y,Y,NA,"15m/min wire speed. 110 wire out. spilled 1/2 of 150; used for SIA and taxa. flounder/hake larvae, even mix of many taxa"
EN687,L7,21,EN687_L7_B21,220802,11:35:00,11:49:00,40.2274,-70.8696,126,120,40,123,29913,901085,923846,22761,172.9417863,Y,Y,29914,160624,183888,23264,176.7636623,Y,Y,Y,Y,NA,140m payout at 20m/min. relatively low biomass.
EN687,L8,16,EN687_L8_B16,220801,13:59:00,14:14:00,40.1471,-70.7748,134,130,35,133,29913,849395,873632,24237,184.1566748,Y,Y,29914,72005,132577,60572,460.2359247,Y,Y,Y,Y,NA,programmed TDR for every 5 secs. 160m payout at 20m/min. tow 15 min duration. hit bottom.
EN687,L9,13,EN687_L9_B13,220801,08:26:00,08:41:00,40.0925,-70.8756,150,140,40,132,29913,814395,849005,34610,262.9724188,Y,Y,29914,72005,107451,35446,269.324483,Y,Y,Y,Y,NA,payout 185 at 20m/min. nothing in 500 or 100 um size classes. removed 2 jelly from 335 and 1 from 150. see cruise narrative for notes on TDR (2 min. interval)
EN687,L10,7,EN687_L10_B7,220731,07:52:00,07:55:00,39.9204,-70.9136,494,200,45,160,29913,699562,763638,64076,486.8598875,Y,Y,29914,953555,19552,65996,501.4483604,Y,Y,Y,Y,NA,"250 wire out at 20m/min, increased to 300m out. removed 1 jelly from 150um net, removed and preserved (EtOH) 1/2 from 335 and 2/2 went into NOAA jar. labels incorrently say 220730 instead of 220731 for date."
EN687,L11,10,EN687_L11_B10,220731,16:50:00,17:25:00,39.7841,-70.8922,1700,200,50,268,29913,763635,814394,50759,385.6751519,Y,Y,29914,19552,71999,52447,398.5008509,Y,Y,Y,Y,NA,wire out 320
EN687,MVCO,26,EN687_MVCO_B26,220803,08:16:00,08:19:00,41.3169,-70.5769,17,12,30,11.6,29913,938613,943784,5171,39.29010048,Y,Y,29914,198843,203829,4986,37.88444034,Y,Y,Y,Y,NA,NA
EN695,L1,1,EN695_L1_B1,230111,20:35:00,20:42:00,41.1951,-70.8842,21,17,30,20.8,29914,209845,214486,4641,35.26307413,Y,Y,29913,949381,954144,4763,36.19005001,Y,Y,Y,Y,NA,10m/min down and up. 18m payout. bongo zerod when frame completely submerged.
EN695,L2,11,EN695_L2_B11,230113,10:46:00,10:51:00,41.0144,-70.8823,47,42,NA,42,29914,445953,458388,12435,94.48315597,Y,Y,29913,169804,179369,9565,72.67642837,Y,Y,Y,Y,NA,20m/min. 50m payout
EN695,L3,10,EN695_L3_B10,230113,07:25:00,07:29:00,40.8611,-70.8788,54,50,30,48,29914,433826,445954,12128,92.15051995,Y,Y,29913,159577,169804,10227,77.70641223,Y,Y,Y,Y,NA,20m/min. 52m payout
EN695,L4,9,EN695_L4_B9,230113,04:44:00,04:49:00,40.6956,-70.8801,60,65,40,54,29914,418065,433826,15761,119.7546459,Y,Y,29913,145720,159577,13857,105.2877436,Y,Y,Y,Y,NA,NA
EN695,L5,8,EN695_L5_B8,230113,02:22:00,02:31:00,40.5128,-70.8842,77,72,40,78,29914,404554,418197,13643,103.6617368,Y,Y,29913,133484,145733,12249,93.06989766,Y,Y,Y,Y,NA,NA
EN695,L6,2,EN695_L6_B2,230112,04:04:00,04:35:00,40.3721,-70.888,92,87,40,92,29914,214486,228914,14428,109.6262947,Y,Y,29913,954147,968304,14157,107.5671925,Y,Y,Y,Y,NA,Lost all of 500-200um size fraction
EN695,L7,7,EN695_L7_B7,230112,23:14:00,23:27:00,40.2592,-70.8735,12,115,30,93,29914,381539,404545,23006,174.8033362,Y,Y,29913,112917,133459,20542,156.0814628,Y,Y,Y,Y,NA,"ring net has small hole near cod end, noticed when pulled out net (during retrieval)"
EN695,L8,6,EN695_L8_B6,230112,20:59:00,21:14:00,40.1513,-70.8692,136,140,35,NA,29914,356244,381531,25287,192.1347459,Y,Y,29913,88047,112871,24824,188.6167964,Y,Y,Y,Y,NA,"missing TDR seaStarODI data, not started before cast"
EN695,L9,3,EN695_L9_B3,230112,07:33:00,07:46:00,40.0505,-70.879,200,195,35,176,29914,228916,271208,42292,321.3415064,Y,Y,29913,968302,8636,40333,306.4567052,Y,Y,Y,Y,NA,paused payout at 94m for about 2 min. due to being under ship. 225 m payout. 20m/min up and down
EN695,L10,4,EN695_L10_B4,230112,10:20:00,10:35:00,39.944,-70.8826,442,200,35,186,29914,271208,314131,42923,326.1359472,Y,Y,29913,8636,49198,40562,308.1966845,Y,Y,Y,Y,NA,spilled small amount of 335 net when removnig  cod end; <100ml; 250m payout
EN695,L11,5,EN695_L11_B5,230112,13:00:00,13:16:00,39.7849,-70.8826,1461,200,50,224,29914,314131,356298,42167,320.391736,Y,Y,29913,49198,88062,38864,295.2950039,Y,Y,Y,Y,NA,centric diatoms. 280m payout at 20m/min
EN695,MVCO,16,EN695_MVCO_B16,230114,21:09:00,21:12:00,41.3056,-70.5833,20,20,40,14,29914,458406,463903,5497,41.7671016,Y,Y,29913,179355,184425,5070,38.52268603,Y,Y,Y,Y,NA,"during deployment cod end of ring net got tangled around wire, fixed before nets in water"
EN706,L1,1,EN706_L1_B1,230807,18:07:00,18:13:00,41.1975,-70.8675,21,16,25,29,29914,529212,536947,7735,58.77179022,Y,Y,29913,487091,494523,7432,56.46954685,Y,Y,Y,Y,230809,small hole near cod end of 350um net; cricket in sample? very dark sample; black pieces in net; tdr depths seemed wrong for this cruise deeper than they should be deeper than ctd
EN706,L2,2,EN706_L2_B2,230808,07:09:00,07:15:00,41.0281,-70.8737,45,40,25,50,29914,537101,549001,11900,90.4181388,Y,Y,29913,494651,506118,11467,87.12813425,Y,Y,Y,Y,230809,wire out 44m; tdr depths seemed wrong for this cruise
EN706,L3,20,EN706_L3_B20,230811,21:12:00,21:23:00,40.8587,-70.8788,55,50,50,62,29914,854823,883481,28658,217.7481531,Y,Y,29913,796117,814869,18752,142.4807512,Y,Y,Y,Y,Y,payout 99m wire out; used CTD realtime data went to 50m; speed 30m/min wire out and 17m/min wire in ; tdr depths seemed wrong for this cruise
EN706,L4,5,EN706_L4_B5,230808,16:20:00,16:29:00,40.6858,-70.879,66,60,25,75,29914,549143,569452,20309,154.3110908,Y,Y,29913,505348,523492,18144,137.8610681,Y,Y,Y,Y,230809,check TDR file; tdr depths seemed wrong for this cruise; wire out 66m
EN706,L5,6,EN706_L5_B6,230808,21:20:00,21:35:00,40.502,-70.8836,76,70,35,90,29914,580664,600691,20027,152.1684089,Y,Y,29913,534601,609321,74720,567.7347337,Y,Y,Y,Y,230809,TDR depth is wrong (bottom depth max 78m); redid deployment t get flowmeter values
EN706,L6,19,EN706_L6_B19,230811,09:25:00,09:38:00,40.3639,-70.8837,93,88,40,100,29914,828710,854817,26107,198.3652395,Y,Y,29913,775194,796123,20929,159.0219518,Y,Y,Y,Y,Y,used CTD realtime data for bottom depth; CTD was left on and still recording data until 20:45 while CTD on deck; tdr depths seemed wrong for this cruise
EN706,L7,14,EN706_L7_B14,230810,22:33:00,22:45:00,40.2561,-70.881,122,116,32,133,29914,777037,796024,18987,144.2663194,Y,Y,29913,724086,743838,19752,150.0789141,Y,Y,Y,Y,Y,lots of copepods; calm conditions; used CTD realtime data to get as close as possible to bottom ; tdr depths seemed wrong for this cruise
EN706,L8,15,EN706_L8_B15,230811,00:43:00,01:00:00,40.1347,-70.8703,139,134,28,145,29914,796018,828703,32685,248.3459552,Y,N,29913,743836,775195,31359,238.2707911,Y,N,Y,Y,Y,DNA 335 and 150 um samples got mixed up so no sample for those; used CTD realtime data for bottom depth but CTD stopped working on the way up; lobster larvae phylosoma in 335um
EN706,L9,13,EN706_L9_B13,230810,08:25:00,08:51:00,40.0442,-70.8897,212,200,35,217,29914,734154,777035,42881,325.8168244,Y,Y,29913,683289,724074,40785,309.8910749,Y,Y,Y,Y,Y,CTD said depth down to 204m
EN706,L10,10,EN706_L10_B10,230810,00:55:00,01:30:00,39.9265,-70.8941,450,200,45,217,29914,657288,734168,76880,584.1467656,Y,Y,29913,609343,683289,73946,561.8537556,Y,Y,Y,Y,230811,CTD worked went down to 200m; very salpy sample; some myctophiids in sample
EN706,L11,9,EN706_L11_B9,230809,18:52:00,19:22:00,39.7763,-70.8818,1522,200,35,213,29914,600701,657272,56571,429.8356748,Y,Y,29913,554992,609333,54341,412.8917715,Y,Y,Y,Y,Y,ytubing on CTD got disconnected so CTD reading might be wrong; removed sargassum from sample (small piece); TDR depth looked more reasonable on this site; removed boat pieces from sample; barely any sample in 100um size fraction SIA
EN706,MVCO,24,EN706_MVCO_B24,230812,08:38:00,08:43:00,41.311,-70.5805,19,14,45,29,29914,883481,896167,12686,96.39029486,Y,Y,29913,814860,819235,4375,33.24196279,Y,Y,Y,Y,Y,using CTD to look at depth went down to 17m
EN712,L1,1,EN712_L1_B1,240209,19:15:00,19:21:00,41.19125,-70.8849,22,17,35,15,29914,107390,118688,11298,85.84404472,Y,Y,29913,6548,7980,1432,10.88056931,Y,Y,Y,Y,240211,100um size fractions also includes >200 um forgot to pour through sieve before pouring into 100
EN712,L2,17,EN712_L2_B17,240213,05:11:00,05:17:00,41.02615,-70.8871,46,41,30,39,29914,366595,376412,9817,74.59116543,Y,Y,29913,128405,137368,8963,68.10233429,Y,Y,Y,Y,Y,"removed large krill, chaetognaths, phytoplankton that would not fit in the 1000um SIA jar"
EN712,L3,16,EN712_L3_B16,240213,03:15:00,03:22:00,40.86436,-70.8918,55,50,35,NA,29914,352862,366588,13726,104.2923843,Y,Y,29913,115456,128411,12955,98.43420069,Y,Y,Y,Y,Y,TDR did not record; lots of chaetognaths and phytoplankton that wouldnt fit in size fraction jars
EN712,L4,15,EN712_L4_B15,240212,09:21:00,09:29:00,40.69464,-70.8936,64,58,30,52,29914,340852,352860,12008,91.2387404,Y,Y,29913,103999,115459,11460,87.07494711,Y,Y,Y,Y,Y,NA
EN712,L5,2,EN712_L5_B2,240210,04:47:00,05:03:00,40.51013,-70.8823,78,73,35,71,29914,118716,146202,27486,208.8431061,Y,Y,29913,7971,34389,26418,200.7282681,Y,Y,Y,Y,240210,100um size fractions also includes >200 um forgot to pour through sieve before pouring into 100
EN712,L6,5,EN712_L6_B5,240210,10:17:00,10:30:00,40.36014,-70.8774,95,90,35,90,29914,NA,NA,NA,NA,N,N,29913,NA,NA,NA,NA,N,N,N,N,NA,touched bottom and collected a lot of silty sediment - not processed
EN712,L7,6,EN712_L7_B6,240210,12:30:00,12:44:00,40.253,-70.8798,123,118,30,100,29914,165510,188580,23070,175.2896187,Y,Y,29913,45986,50766,4780,36.31921878,Y,Y,Y,Y,240211,NA
EN712,L8,12,EN712_L8_B12,240212,02:30:00,02:43:00,40.16061,-70.9078,140,135,25,NA,29914,330924,340849,9925,75.41176703,Y,Y,29913,92969,104003,11034,83.83812971,Y,Y,Y,Y,Y,TDR did not record
EN712,L9,11,EN712_L9_B11,240211,22:42:00,23:03:00,40.04169,-70.9032,213,200,40,207,29914,292968,330926,37958,288.4110683,Y,Y,29913,84583,92969,8386,63.71819428,Y,Y,Y,Y,240212,accidentally collected the 100um size fraction from the 200 um sieve
EN712,L10,7,EN712_L10_B7,240211,04:34:00,04:59:00,39.92963,-70.8901,463,200,35,184,29914,188587,229160,40573,308.2802643,Y,Y,29913,50767,74941,24174,183.6779905,Y,Y,Y,Y,240212,lots of salps in sample wouldnt fit into the size fractionated jars; hardly any sample between 500-1000um and 500-200 um from 150um net
EN712,L11,10,EN712_L11_B10,240211,11:11:00,11:42:00,39.75073,-70.9092,1733,200,45,19.5,29914,229158,292971,63813,484.8615707,Y,Y,29913,74917,84583,9666,73.44384283,Y,Y,Y,Y,240212,not much sample for 100um size fraction (20 um net)
EN712,MVCO,20,EN712_MVCO_B20,240213,12:08:00,12:12:00,41.31265,-70.5791,19,14,35,8.6,29914,376195,389861,13666,103.8364945,Y,Y,29913,137402,152013,14611,111.0167585,Y,Y,Y,Y,Y,not much sample for 100um size fraction (20 um net)
EN715,L1,1,EN715_L1_B1,240503,18:14:00,18:20:00,41.207722,-70.891577,25,20,40,11.7,29914,399598,410832,11234,85.35776229,Y,Y,29913,160788,171321,10533,80.03145008,Y,Y,Y,Y,Y,"There was miss communication with winch. We wanted wire out 26m, but she only went to 22 m wire out. Seaweed and feathers pulled from sample before splitting."
EN715,L2,2,EN715_L2_B2,240504,04:25:00,04:38:00,41.037203,-70.885152,43,38,25,35.3,29914,410830,422635,11805,89.69631332,Y,Y,29913,171312,182426,11114,84.44598274,Y,Y,Y,Y,Y,"The ring net got tangled at deployment, so we had to pull the nets out of the water to fix it. This took about 5 minutes."
EN715,L3,3,EN715_L3_B3,240506,19:45:00,19:52:00,40.876593,-70.891842,55,45,40,43.43,29914,662925,675656,12731,96.73221219,Y,Y,29913,382148,394133,11985,91.06398265,Y,Y,Y,Y,Y,"Our target depth was 10m above bottom depth, instead of the usual 5m off the bottom. There was very little sample for 100 um size fraction."
EN715,L4,5,EN715_L4_B5,240504,10:18:00,10:25:00,40.697655,-70.883973,66,61,30,59.55,29914,422641,432302,9661,73.40585201,Y,Y,29913,182425,191545,9120,69.29524587,Y,Y,Y,Y,Y,NA
EN715,L5,6,EN715_L5_B6,240504,15:44:00,15:54:00,40.526188,-70.886235,74,68,35,72.26,29914,447394,462234,14840,112.7567378,Y,Y,29913,204252,218326,14074,106.936545,Y,Y,Y,Y,Y,"We hit bottom on the first deployment, but we were able to run bongo again."
EN715,L6,13,EN715_L6_B13,240506,05:13:00,05:26:00,40.366803,-70.867563,94,89,45,81.9,29914,557026,614690,57664,438.1404669,Y,Y,29913,310000,346205,36205,275.0914887,Y,Y,Y,Y,Y,"We hit bottom on the first deployment, but we were able to run bongo again. Flowmeter reading includes start of 1st deployment until end of 2nd deployment, so flowmeter reading is off."
EN715,L7,19,EN715_L7_B19,240507,09:15:00,09:27:00,40.25612,-70.8792,123,118,35,118.4,29914,726231,746162,19931,151.4389852,Y,Y,29913,440437,457858,17421,132.3675963,Y,Y,Y,Y,NA,NA
EN715,L8,14,EN715_L8_B14,240506,07:55:00,08:07:00,40.1426,-70.874035,139,133,30,137.13,29914,643612,662928,19316,146.766115,Y,Y,29913,365405,382162,16757,127.3224161,Y,Y,Y,Y,Y,"We hit bottom on the first deployment, but we were able to run bongo again. TDR was tested on CTD cast. CTD = 135.7m and TDR = 132.7m, so there is a 3m offset on TDR readings."
EN715,L9,18,EN715_L9_B18,240507,06:30:00,07:02:00,40.042785,-70.882767,209,190,45,169.8,29914,675654,726224,50570,384.2390991,Y,Y,29913,394135,440426,46291,351.7265599,Y,Y,Y,Y,NA,"Our target depth was 10m above bottom depth, instead of the usual 5m off the bottom."
EN715,L10,7,EN715_L10_B7,240505,08:19:00,08:46:00,39.941808,-70.882453,446,200,50,221.54,29914,462233,515566,53333,405.2328233,Y,Y,29913,218324,269806,51482,391.1686237,Y,Y,Y,Y,Y,There were a lot of salps in both 335 and 150 um nets. The total amount sampled was 5.6 L for 335 um net and 5.85L for 150 um net. A subsample of 500mL was taken from each net to then be split as usual.
EN715,L11,10,EN715_L11_B10,240505,13:26:00,13:50:00,39.775032,-70.882598,1582,200,45,219.8,29914,515575,557031,41456,314.9894422,Y,Y,29913,269849,309997,40148,305.0510451,Y,Y,Y,Y,Y,NA
EN715,MVCO,23,EN715_MVCO_B23,240508,05:11:00,05:14:00,41.314563,-70.577227,18,13,50,6.6,29914,746168,759270,13102,99.55113064,Y,Y,29913,457862,470482,12620,95.88881611,Y,Y,Y,Y,NA,NA
HRS2303,MVCO,1,HRS2303_MVCO_B1,230429,11:57:00,12:01:00,41.32037,-70.5791,20,16,30,12,NA,NA,NA,NA,NA,Y,Y,29913,192314,197782,5468,41.54675487,Y,Y,Y,Y,230502,missing flowmeter numbers for 335um net; fast haul in; white pieces in 335um sample that appear to be pieces from the net itself; tdr collected data every 2 mins instead of every sec
HRS2303,L1,2,HRS2303_L1_B2,230502,20:23:00,20:29:00,41.19721,-70.8848,20,18,25,18.5,29914,239782,251570,11788,89.56714455,Y,Y,29913,206114,217477,11363,86.33792531,Y,Y,Y,Y,230504,"flowmeter values suspect - a lot of wind, saw flowmeters spinning notstop at net was being deployed"
HRS2303,L2,12,HRS2303_L2_B12,230505,02:11:00,02:17:00,41.02982,-70.8835,40,35,25,38,29914,508686,517002,8316,63.18632288,Y,Y,29913,468394,476020,7626,57.94359046,Y,Y,Y,Y,Y,rate out 30m/min; rate in 12m/min; wire out 40m
HRS2303,L3,11,HRS2303_L3_B11,230504,23:20:00,23:28:00,40.85755,-70.8905,50,50,25,41,29914,496695,508693,11998,91.16275877,Y,Y,29913,456667,468397,11730,89.1264511,Y,Y,Y,Y,Y,lost 5mL of 150um sample
HRS2303,L4,10,HRS2303_L4_B10,230504,19:15:00,19:23:00,40.69435,-70.894,60,55,NA,53,29914,489564,496700,7136,54.22049063,Y,Y,29913,444122,456648,12526,95.17458879,Y,Y,Y,Y,Y,335 um cod end was tangled around frame upon retrieval; deployment of nets was normal with both bongo cod ends looking cod so must've gotten tangled underwater
HRS2303,L5,3,HRS2303_L5_B3,230503,04:50:00,04:58:00,40.51493,-70.8816,75,72,15,73,29914,251562,265831,14269,108.4181868,Y,Y,29913,217503,231028,13525,102.7651536,Y,Y,Y,Y,230504,small fish (sand lance?) in 335um
HRS2303,L6,9,HRS2303_L6_B9,230504,14:29:00,14:48:00,40.36574,-70.883,85,80,40,60,29914,463827,489566,25739,195.5691155,Y,Y,29913,419798,444127,24329,184.8557058,Y,Y,Y,Y,230505,wire out 104m; tdr didnt record every second
HRS2303,L7,4,HRS2303_L7_B4,230503,09:11:00,09:21:00,40.25838,-70.887,121,115,20,75,29914,265826,278157,12331,93.69294702,Y,Y,29913,231011,241945,10934,83.07831342,Y,Y,Y,Y,230504,big organisms in 150 um sample that didnt fit in size fractions tubes; tdr didnt record every second
HRS2303,L8,5,HRS2303_L8_B5,230503,11:37:00,11:52:00,40.1521,-70.8803,138,133,40,115,29914,278156,307494,29338,222.9149039,Y,Y,29913,241948,269931,27983,212.6193931,Y,Y,Y,Y,230504,big organisms in 150 um sample that didnt fit in size fractions tubes; tdr didnt record every second
HRS2303,L9,6,HRS2303_L9_B6,230503,14:05:00,15:36:00,40.03407,-70.8959,207,200,55,182,29914,307516,376395,68879,523.3538641,Y,Y,29913,269933,335890,65957,501.152032,Y,Y,Y,Y,230503,NA
HRS2303,L10,7,HRS2303_L10_B7,230503,19:35:00,19:55:00,39.94671,-70.8836,470,200,25,146,29914,376411,419052,42641,323.9932653,Y,Y,29913,335876,376551,40675,309.055277,Y,Y,Y,Y,230503,30m/min rate out; 20m/min rate in; 220m wire out
HRS2303,L11,8,HRS2303_L11_B8,230504,00:22:00,00:41:00,39.76683,-70.8897,1500,200,25,115,29914,419059,463806,44747,339.9949964,Y,Y,29913,376557,419801,43244,328.5749575,Y,Y,Y,Y,Y,removed 13 large salps from taxa picking samples; filled jar with representative sample; 2 myctophids saved on separate small jar
